[
  {
    "id": "03f05e09-f8a6-4e1b-9e8c-394a7ea8f2a7",
    "data": [
      {
        "text": "escuela de oficios",
        "userDefined": false
      }
    ],
    "isTemplate": false,
    "count": 0,
    "lang": "es",
    "updated": 0
  },
  {
    "id": "65bdac61-cdb6-4394-b888-9c930c6fe275",
    "data": [
      {
        "text": "escuela manuel belgrano",
        "userDefined": false
      }
    ],
    "isTemplate": false,
    "count": 0,
    "lang": "es",
    "updated": 0
  },
  {
    "id": "db0b0769-63bd-4484-a977-0f2c704e2f6b",
    "data": [
      {
        "text": "cursos de oficios",
        "userDefined": false
      }
    ],
    "isTemplate": false,
    "count": 0,
    "lang": "es",
    "updated": 0
  },
  {
    "id": "73dcc80c-7391-4afe-8fde-eeef9388b723",
    "data": [
      {
        "text": "oficios en San Martín",
        "userDefined": false
      }
    ],
    "isTemplate": false,
    "count": 0,
    "lang": "es",
    "updated": 0
  },
  {
    "id": "c8e8d514-4522-4211-8ed3-c00ca6893bf8",
    "data": [
      {
        "text": "quiero anotarme en la escuela",
        "userDefined": false
      }
    ],
    "isTemplate": false,
    "count": 0,
    "lang": "es",
    "updated": 0
  },
  {
    "id": "84e25550-5a01-439a-8318-dfef4e34e99c",
    "data": [
      {
        "text": "formación profesional",
        "userDefined": false
      }
    ],
    "isTemplate": false,
    "count": 0,
    "lang": "es",
    "updated": 0
  },
  {
    "id": "e40c5907-3ff1-415e-a7b7-9b81b84677dd",
    "data": [
      {
        "text": "cómo me inscribo en la escuela de oficios",
        "userDefined": false
      }
    ],
    "isTemplate": false,
    "count": 0,
    "lang": "es",
    "updated": 0
  },
  {
    "id": "86e602f2-ce86-4afe-b2f2-92062562e864",
    "data": [
      {
        "text": "escuela técnica municipal",
        "userDefined": false
      }
    ],
    "isTemplate": false,
    "count": 0,
    "lang": "es",
    "updated": 0
  },
  {
    "id": "6a36bba1-0df6-44b5-b75d-7ece0f1d294c",
    "data": [
      {
        "text": "inscripciones a oficios",
        "userDefined": false
      }
    ],
    "isTemplate": false,
    "count": 0,
    "lang": "es",
    "updated": 0
  },
  {
    "id": "dae9042e-fdcd-4725-85be-6a63576b029b",
    "data": [
      {
        "text": "capacitación laboral",
        "userDefined": false
      }
    ],
    "isTemplate": false,
    "count": 0,
    "lang": "es",
    "updated": 0
  },
  {
    "id": "a835a02e-d263-4f6b-84b3-4ed4e3db9835",
    "data": [
      {
        "text": "quiero estudiar un oficio",
        "userDefined": false
      }
    ],
    "isTemplate": false,
    "count": 0,
    "lang": "es",
    "updated": 0
  },
  {
    "id": "5153a306-744e-44fa-8074-67422b781af1",
    "data": [
      {
        "text": "formarme en un oficio",
        "userDefined": false
      }
    ],
    "isTemplate": false,
    "count": 0,
    "lang": "es",
    "updated": 0
  },
  {
    "id": "fe130a01-703d-45b4-a0bd-c176b29e151a",
    "data": [
      {
        "text": "qué cursos tiene la escuela municipal",
        "userDefined": false
      }
    ],
    "isTemplate": false,
    "count": 0,
    "lang": "es",
    "updated": 0
  },
  {
    "id": "078317ad-553f-465b-b0d8-2ed2ac39ab80",
    "data": [
      {
        "text": "oferta educativa de oficios",
        "userDefined": false
      }
    ],
    "isTemplate": false,
    "count": 0,
    "lang": "es",
    "updated": 0
  },
  {
    "id": "30c28b18-5daf-4e86-9d31-559c977f8cc4",
    "data": [
      {
        "text": "dónde queda la escuela de oficios",
        "userDefined": false
      }
    ],
    "isTemplate": false,
    "count": 0,
    "lang": "es",
    "updated": 0
  },
  {
    "id": "d8d969b3-986c-40db-a7a7-399586ecfc9b",
    "data": [
      {
        "text": "capacitación de oficios",
        "userDefined": false
      }
    ],
    "isTemplate": false,
    "count": 0,
    "lang": "es",
    "updated": 0
  },
  {
    "id": "65d8435e-62b3-4672-89c3-8e578ae3c772",
    "data": [
      {
        "text": "escuela laboral en san martín",
        "userDefined": false
      }
    ],
    "isTemplate": false,
    "count": 0,
    "lang": "es",
    "updated": 0
  },
  {
    "id": "509a21e4-ea70-4f56-92f8-97b1bd1fd235",
    "data": [
      {
        "text": "formación gratuita de oficios",
        "userDefined": false
      }
    ],
    "isTemplate": false,
    "count": 0,
    "lang": "es",
    "updated": 0
  },
  {
    "id": "0a5440e1-077f-4a9e-b9b2-39af5836574d",
    "data": [
      {
        "text": "qué enseñan en la escuela de oficios",
        "userDefined": false
      }
    ],
    "isTemplate": false,
    "count": 0,
    "lang": "es",
    "updated": 0
  },
  {
    "id": "7587c755-d480-445d-ba4c-df7accf235ca",
    "data": [
      {
        "text": "programas de capacitación técnica",
        "userDefined": false
      }
    ],
    "isTemplate": false,
    "count": 0,
    "lang": "es",
    "updated": 0
  },
  {
    "id": "6dbf4217-72cb-4036-8fbc-657c1ae3da64",
    "data": [
      {
        "text": "escuela de formación profesional",
        "userDefined": false
      }
    ],
    "isTemplate": false,
    "count": 0,
    "lang": "es",
    "updated": 0
  },
  {
    "id": "6bba1818-fc08-4eaf-aa98-205134584815",
    "data": [
      {
        "text": "hay escuela técnica en San Martín",
        "userDefined": false
      }
    ],
    "isTemplate": false,
    "count": 0,
    "lang": "es",
    "updated": 0
  },
  {
    "id": "13383f84-e1eb-4ce1-b6e2-7e1a366178ba",
    "data": [
      {
        "text": "escuela de",
        "meta": "@sys.location",
        "alias": "location",
        "userDefined": false
      },
      {
        "text": " oficios",
        "userDefined": false
      }
    ],
    "isTemplate": false,
    "count": 1,
    "lang": "es",
    "updated": 0
  },
  {
    "id": "1c31b89d-40b6-4a1c-967e-c5e187b36b81",
    "data": [
      {
        "text": "Escuela de oficios",
        "userDefined": false
      }
    ],
    "isTemplate": false,
    "count": 0,
    "lang": "es",
    "updated": 0
  },
  {
    "id": "61061405-bf0b-44a9-a171-e5d973d46e5a",
    "data": [
      {
        "text": "ESCUELA",
        "meta": "@sys.location",
        "alias": "location",
        "userDefined": false
      }
    ],
    "isTemplate": false,
    "count": 1,
    "lang": "es",
    "updated": 0
  },
  {
    "id": "eb067254-8ac8-419a-a321-625b63835225",
    "data": [
      {
        "text": "Escuela de",
        "meta": "@sys.location",
        "alias": "location",
        "userDefined": false
      },
      {
        "text": " oficios",
        "userDefined": false
      }
    ],
    "isTemplate": false,
    "count": 0,
    "lang": "es",
    "updated": 0
  },
  {
    "data": [
      {
        "text": "Quisiera saber si hay ",
        "userDefined": false
      },
      {
        "text": "un lugar",
        "meta": "@sys.location",
        "alias": "location",
        "userDefined": false
      },
      {
        "text": " ",
        "userDefined": false
      },
      {
        "text": "para",
        "meta": "@sys.geo-state",
        "alias": "geo-state",
        "userDefined": false
      },
      {
        "text": " hacer algún curso de gastronomía o ",
        "userDefined": false
      },
      {
        "text": "nose",
        "meta": "@sys.location",
        "alias": "location1",
        "userDefined": false
      },
      {
        "text": " otro q pueda hacer",
        "userDefined": false
      }
    ],
    "isTemplate": false,
    "count": 0,
    "lang": "es",
    "updated": 0
  },
  {
    "data": [
      {
        "text": "Quisiera saber si hay un lugar para hacer algún curso de gastronomía o nose otro q pueda hacer",
        "userDefined": false
      }
    ],
    "isTemplate": false,
    "count": 0,
    "lang": "es",
    "updated": 0
  }
]