[
  {
    "id": "9a60180d-eb9b-4572-bf05-c29991cf3658",
    "data": [
      {
        "text": "sí",
        "userDefined": false
      }
    ],
    "isTemplate": false,
    "count": 0,
    "lang": "es",
    "updated": 0
  },
  {
    "id": "697bc7af-f08c-44f0-970a-74d568656885",
    "data": [
      {
        "text": "quiero inscribirme",
        "userDefined": false
      }
    ],
    "isTemplate": false,
    "count": 0,
    "lang": "es",
    "updated": 0
  },
  {
    "id": "d29871d0-0525-4b7f-aeae-2634e061865e",
    "data": [
      {
        "text": "cómo postularme",
        "userDefined": false
      }
    ],
    "isTemplate": false,
    "count": 0,
    "lang": "es",
    "updated": 0
  },
  {
    "id": "5eb3ee1b-da9d-44d7-a254-ad0dc3fd891e",
    "data": [
      {
        "text": "anotarme",
        "userDefined": false
      }
    ],
    "isTemplate": false,
    "count": 0,
    "lang": "es",
    "updated": 0
  },
  {
    "id": "e769b97c-3470-4b22-8400-51eabf524b92",
    "data": [
      {
        "text": "mostrar calendario",
        "userDefined": false
      }
    ],
    "isTemplate": false,
    "count": 0,
    "lang": "es",
    "updated": 0
  },
  {
    "id": "2cf17c05-632b-488f-9691-016585dc0b09",
    "data": [
      {
        "text": "me interesa",
        "userDefined": false
      }
    ],
    "isTemplate": false,
    "count": 0,
    "lang": "es",
    "updated": 0
  },
  {
    "id": "998f0f24-7d03-40cc-b61e-e262a26af7d3",
    "data": [
      {
        "text": "quiero participar",
        "userDefined": false
      }
    ],
    "isTemplate": false,
    "count": 0,
    "lang": "es",
    "updated": 0
  },
  {
    "id": "c6189435-68b5-4282-889b-1f0251a4ce0a",
    "data": [
      {
        "text": "si",
        "userDefined": false
      }
    ],
    "isTemplate": false,
    "count": 14,
    "lang": "es",
    "updated": 0
  },
  {
    "data": [
      {
        "text": "Si",
        "userDefined": false
      }
    ],
    "isTemplate": false,
    "count": 7,
    "lang": "es",
    "updated": 0
  },
  {
    "data": [
      {
        "text": "hola",
        "userDefined": false
      }
    ],
    "isTemplate": false,
    "count": 0,
    "lang": "es",
    "updated": 0
  }
]