[
  {
    "id": "c722c31f-063c-4600-94e8-302bff69c1a4",
    "data": [
      {
        "text": "certificado",
        "userDefined": false
      }
    ],
    "isTemplate": false,
    "count": 0,
    "lang": "es",
    "updated": 0
  },
  {
    "id": "f43aeae1-591b-4758-ac5d-605086c4befa",
    "data": [
      {
        "text": "diplomas",
        "userDefined": false
      }
    ],
    "isTemplate": false,
    "count": 0,
    "lang": "es",
    "updated": 0
  },
  {
    "id": "ce81f3cc-e4f3-4f2f-a3f1-f101bc3acadf",
    "data": [
      {
        "text": "diploma",
        "userDefined": false
      }
    ],
    "isTemplate": false,
    "count": 0,
    "lang": "es",
    "updated": 0
  },
  {
    "id": "a24e8859-9f2e-4852-ba68-21f5fff6038d",
    "data": [
      {
        "text": "tramites online",
        "userDefined": false
      }
    ],
    "isTemplate": false,
    "count": 0,
    "lang": "es",
    "updated": 0
  },
  {
    "id": "46ea5e46-505b-4506-9366-87cde09f5b7f",
    "data": [
      {
        "text": "Anses",
        "userDefined": false
      }
    ],
    "isTemplate": false,
    "count": 0,
    "lang": "es",
    "updated": 0
  },
  {
    "id": "3913380d-61e2-4a0f-8f3e-48761cf1b029",
    "data": [
      {
        "text": "Mi argentina",
        "userDefined": false
      }
    ],
    "isTemplate": false,
    "count": 0,
    "lang": "es",
    "updated": 0
  },
  {
    "id": "8df4aeac-22b8-4122-9916-8f0b2b2e2604",
    "data": [
      {
        "text": "Asistencia",
        "userDefined": false
      }
    ],
    "isTemplate": false,
    "count": 0,
    "lang": "es",
    "updated": 0
  },
  {
    "id": "2c11e538-0941-45be-880c-d89de718935c",
    "data": [
      {
        "text": "sí",
        "userDefined": false
      }
    ],
    "isTemplate": false,
    "count": 0,
    "lang": "es",
    "updated": 0
  },
  {
    "id": "37ff7456-effb-4232-8a7f-41d60603ead5",
    "data": [
      {
        "text": "quiero inscribirme",
        "userDefined": false
      }
    ],
    "isTemplate": false,
    "count": 0,
    "lang": "es",
    "updated": 0
  },
  {
    "id": "272b9d9d-03ee-42f3-a70d-df042dcb9eb4",
    "data": [
      {
        "text": "cómo postularme",
        "userDefined": false
      }
    ],
    "isTemplate": false,
    "count": 0,
    "lang": "es",
    "updated": 0
  },
  {
    "id": "8a901b3c-d48b-4cc4-bd0a-42fffc3a3375",
    "data": [
      {
        "text": "anotarme",
        "userDefined": false
      }
    ],
    "isTemplate": false,
    "count": 0,
    "lang": "es",
    "updated": 0
  },
  {
    "id": "c992ecc8-479f-498d-8ba9-a3db8daa08e1",
    "data": [
      {
        "text": "mostrar calendario",
        "userDefined": false
      }
    ],
    "isTemplate": false,
    "count": 0,
    "lang": "es",
    "updated": 0
  },
  {
    "id": "c64bebf5-f4b9-451d-ae21-a41ef4003777",
    "data": [
      {
        "text": "me interesa",
        "userDefined": false
      }
    ],
    "isTemplate": false,
    "count": 0,
    "lang": "es",
    "updated": 0
  },
  {
    "id": "0bae9c77-72ba-48ba-9ebe-5fe7be16610b",
    "data": [
      {
        "text": "quiero participar",
        "userDefined": false
      }
    ],
    "isTemplate": false,
    "count": 0,
    "lang": "es",
    "updated": 0
  },
  {
    "id": "a78367c8-a5fe-4329-8dd4-808c1fb6d161",
    "data": [
      {
        "text": "si",
        "userDefined": false
      }
    ],
    "isTemplate": false,
    "count": 2,
    "lang": "es",
    "updated": 0
  },
  {
    "id": "a70752ee-ef9d-4425-a89e-b0227757f58a",
    "data": [
      {
        "text": "Si",
        "userDefined": false
      }
    ],
    "isTemplate": false,
    "count": 0,
    "lang": "es",
    "updated": 0
  },
  {
    "data": [
      {
        "text": "pami",
        "meta": "@sys.location",
        "alias": "location",
        "userDefined": false
      }
    ],
    "isTemplate": false,
    "count": 1,
    "lang": "es",
    "updated": 0
  },
  {
    "data": [
      {
        "text": "Quisiera inscribirme al curso de vuelo de drones.",
        "userDefined": false
      }
    ],
    "isTemplate": false,
    "count": 0,
    "lang": "es",
    "updated": 0
  },
  {
    "data": [
      {
        "text": "Informatica",
        "meta": "@sys.location",
        "alias": "location",
        "userDefined": false
      }
    ],
    "isTemplate": false,
    "count": 0,
    "lang": "es",
    "updated": 0
  },
  {
    "data": [
      {
        "text": "Quisiera saber los horarios del curso de programación web y phyton",
        "userDefined": false
      }
    ],
    "isTemplate": false,
    "count": 0,
    "lang": "es",
    "updated": 0
  },
  {
    "data": [
      {
        "text": "Horarios",
        "userDefined": false
      }
    ],
    "isTemplate": false,
    "count": 0,
    "lang": "es",
    "updated": 0
  },
  {
    "data": [
      {
        "text": "Hola ",
        "userDefined": false
      },
      {
        "text": "una",
        "meta": "@sys.number",
        "alias": "number",
        "userDefined": false
      },
      {
        "text": " consulta hay ",
        "userDefined": false
      },
      {
        "text": "cursos",
        "meta": "@sys.location",
        "alias": "location",
        "userDefined": false
      },
      {
        "text": " disponibles?",
        "userDefined": false
      }
    ],
    "isTemplate": false,
    "count": 0,
    "lang": "es",
    "updated": 0
  },
  {
    "data": [
      {
        "text": "¿",
        "userDefined": false
      },
      {
        "text": "Es",
        "meta": "@sys.language",
        "alias": "language",
        "userDefined": false
      },
      {
        "text": " exclusivamente pensado para la comunidad de ",
        "userDefined": false
      },
      {
        "text": "San Martín",
        "meta": "@sys.location",
        "alias": "location",
        "userDefined": false
      },
      {
        "text": "?\nMe interesa pero ",
        "userDefined": false
      },
      {
        "text": "mi",
        "meta": "@sys.unit-length-name",
        "alias": "unit-length-name",
        "userDefined": false
      },
      {
        "text": " ",
        "userDefined": false
      },
      {
        "text": "domicilio es en Rivadavia",
        "meta": "@sys.location",
        "alias": "location1",
        "userDefined": false
      },
      {
        "text": ".\nEn este caso ¿Puedo acceder al curso?",
        "userDefined": false
      }
    ],
    "isTemplate": false,
    "count": 0,
    "lang": "es",
    "updated": 0
  },
  {
    "data": [
      {
        "text": "Hola buen día,  quería información  sobre el curso de drones que s3 dictará a partir de el 19 de mayo.  Muchas gracias",
        "userDefined": false
      }
    ],
    "isTemplate": false,
    "count": 0,
    "lang": "es",
    "updated": 0
  },
  {
    "data": [
      {
        "text": "Hola Daniel me quiero inscribir en el curso de pilotaje de drom",
        "userDefined": false
      }
    ],
    "isTemplate": false,
    "count": 0,
    "lang": "es",
    "updated": 0
  },
  {
    "data": [
      {
        "text": "Buen día me podrías informar sobre ",
        "userDefined": false
      },
      {
        "text": "los cursos",
        "meta": "@sys.location",
        "alias": "location",
        "userDefined": false
      },
      {
        "text": " que se dictan que dependen de ",
        "userDefined": false
      },
      {
        "text": "la Municipalidad",
        "meta": "@sys.location",
        "alias": "location1",
        "userDefined": false
      }
    ],
    "isTemplate": false,
    "count": 0,
    "lang": "es",
    "updated": 0
  },
  {
    "data": [
      {
        "text": "quiero saber sobre ",
        "userDefined": false
      },
      {
        "text": "los cursos",
        "meta": "@sys.location",
        "alias": "location",
        "userDefined": false
      }
    ],
    "isTemplate": false,
    "count": 0,
    "lang": "es",
    "updated": 0
  },
  {
    "data": [
      {
        "text": "talleres",
        "meta": "@sys.location",
        "alias": "location",
        "userDefined": false
      },
      {
        "text": " y ",
        "userDefined": false
      },
      {
        "text": "cursos",
        "meta": "@sys.location",
        "alias": "location1",
        "userDefined": false
      }
    ],
    "isTemplate": false,
    "count": 0,
    "lang": "es",
    "updated": 0
  },
  {
    "data": [
      {
        "text": "Talleres",
        "meta": "@sys.location",
        "alias": "location",
        "userDefined": false
      },
      {
        "text": " y ",
        "userDefined": false
      },
      {
        "text": "cursos",
        "meta": "@sys.location",
        "alias": "location1",
        "userDefined": false
      }
    ],
    "isTemplate": false,
    "count": 0,
    "lang": "es",
    "updated": 0
  }
]