[
  {
    "id": "a73ded81-5bba-4910-aa8f-211a2aed4a52",
    "data": [
      {
        "text": "atención personalizada",
        "userDefined": false
      }
    ],
    "isTemplate": false,
    "count": 1,
    "lang": "es",
    "updated": 0
  },
  {
    "id": "d4501544-fe49-4ea8-9516-297e2086ff29",
    "data": [
      {
        "text": "necesito ayuda humana",
        "userDefined": false
      }
    ],
    "isTemplate": false,
    "count": 0,
    "lang": "es",
    "updated": 0
  },
  {
    "id": "824a5028-f692-4009-8ca3-2bd59018ef57",
    "data": [
      {
        "text": "quiero hablar con alguien",
        "userDefined": false
      }
    ],
    "isTemplate": false,
    "count": 0,
    "lang": "es",
    "updated": 0
  },
  {
    "id": "bd2ff428-d7fb-4d59-b94e-d50ac00ac4a2",
    "data": [
      {
        "text": "Alguien",
        "userDefined": false
      }
    ],
    "isTemplate": false,
    "count": 0,
    "lang": "es",
    "updated": 0
  },
  {
    "id": "5ebdfa9f-ca0f-4c90-a6d5-0d52ba86f112",
    "data": [
      {
        "text": "Persona",
        "userDefined": false
      }
    ],
    "isTemplate": false,
    "count": 0,
    "lang": "es",
    "updated": 0
  },
  {
    "id": "d69079b6-a2fd-4908-9a07-0ee4dfc7a8b7",
    "data": [
      {
        "text": "Quiero hablar con una persona",
        "userDefined": false
      }
    ],
    "isTemplate": false,
    "count": 0,
    "lang": "es",
    "updated": 0
  },
  {
    "id": "b50a16bd-ab08-477e-933c-cfbe13f78864",
    "data": [
      {
        "text": "Humano",
        "userDefined": false
      }
    ],
    "isTemplate": false,
    "count": 0,
    "lang": "es",
    "updated": 0
  },
  {
    "id": "1deca073-868f-4cf2-8fd1-e685460f22b8",
    "data": [
      {
        "text": "Operador",
        "userDefined": false
      }
    ],
    "isTemplate": false,
    "count": 1,
    "lang": "es",
    "updated": 0
  },
  {
    "id": "fc741b82-9568-4d0b-b07f-6e0e6444a54e",
    "data": [
      {
        "text": "Quiero un operador",
        "userDefined": false
      }
    ],
    "isTemplate": false,
    "count": 0,
    "lang": "es",
    "updated": 0
  }
]