[
  {
    "id": "bf8ccdc4-b23e-424d-9afd-e79ea1ac689b",
    "data": [
      {
        "text": "¿Tenés el link de Maps?",
        "userDefined": false
      }
    ],
    "isTemplate": false,
    "count": 1,
    "lang": "es",
    "updated": 0
  },
  {
    "id": "323b309c-6e6a-4d84-894d-7c2867b8ec60",
    "data": [
      {
        "text": "Necesito el mapa",
        "userDefined": false
      }
    ],
    "isTemplate": false,
    "count": 0,
    "lang": "es",
    "updated": 0
  },
  {
    "id": "9d4cd15c-16ed-4b2d-a09b-7b48cac0293b",
    "data": [
      {
        "text": "Ubicación exacta",
        "userDefined": false
      }
    ],
    "isTemplate": false,
    "count": 0,
    "lang": "es",
    "updated": 0
  },
  {
    "id": "5b77cab1-a383-4706-897f-10a769fed66f",
    "data": [
      {
        "text": "Dirección en Google Maps",
        "userDefined": false
      }
    ],
    "isTemplate": false,
    "count": 0,
    "lang": "es",
    "updated": 0
  },
  {
    "id": "7475f7c7-60fb-4892-84f2-68346aebdf12",
    "data": [
      {
        "text": "Pasame el link de Google Maps",
        "userDefined": false
      }
    ],
    "isTemplate": false,
    "count": 0,
    "lang": "es",
    "updated": 0
  },
  {
    "id": "5d8079ce-a1f1-44b5-a6e5-105adbd43bcf",
    "data": [
      {
        "text": "Ver ubicación en Maps",
        "userDefined": false
      }
    ],
    "isTemplate": false,
    "count": 0,
    "lang": "es",
    "updated": 0
  },
  {
    "id": "115a1900-e1d4-450f-ab05-ba9339ade000",
    "data": [
      {
        "text": "¿Dónde están en el mapa?",
        "userDefined": false
      }
    ],
    "isTemplate": false,
    "count": 0,
    "lang": "es",
    "updated": 0
  },
  {
    "id": "e5f15568-214c-4a2e-8a7c-1399add1c70d",
    "data": [
      {
        "text": "Mapa de ubicación",
        "userDefined": false
      }
    ],
    "isTemplate": false,
    "count": 0,
    "lang": "es",
    "updated": 0
  },
  {
    "id": "938e622e-1c82-4d03-adf3-d436af818bf9",
    "data": [
      {
        "text": "Link de Google Maps",
        "userDefined": false
      }
    ],
    "isTemplate": false,
    "count": 0,
    "lang": "es",
    "updated": 0
  },
  {
    "id": "9aac435e-65b4-4d39-9265-49714a3a1fb1",
    "data": [
      {
        "text": "¿Me pasás la ubicación en Google Maps?",
        "userDefined": false
      }
    ],
    "isTemplate": false,
    "count": 0,
    "lang": "es",
    "updated": 0
  }
]