[
  {
    "id": "165bd311-e707-4fe2-89b7-f7e335a78c98",
    "data": [
      {
        "text": "dirección",
        "meta": "@Area",
        "alias": "area",
        "userDefined": false
      }
    ],
    "isTemplate": false,
    "count": 0,
    "lang": "es",
    "updated": 0
  },
  {
    "id": "ed34a0b8-ca6c-4de4-a1c3-44a2df80b4b6",
    "data": [
      {
        "text": "dónde queda",
        "meta": "@Area",
        "alias": "area",
        "userDefined": false
      }
    ],
    "isTemplate": false,
    "count": 0,
    "lang": "es",
    "updated": 0
  },
  {
    "id": "29fb9593-0a8c-43f4-935b-f7c09f0361ef",
    "data": [
      {
        "text": "ubicación",
        "meta": "@Area",
        "alias": "area",
        "userDefined": false
      }
    ],
    "isTemplate": false,
    "count": 0,
    "lang": "es",
    "updated": 0
  },
  {
    "id": "4326197e-c90c-4cc8-8ab4-93eb67fd6816",
    "data": [
      {
        "text": "dónde está",
        "meta": "@Area",
        "alias": "area",
        "userDefined": false
      }
    ],
    "isTemplate": false,
    "count": 1,
    "lang": "es",
    "updated": 0
  },
  {
    "id": "c33a224e-789e-441c-9018-a9d6c54a88fe",
    "data": [
      {
        "text": "cómo llego",
        "meta": "@Area",
        "alias": "area",
        "userDefined": false
      }
    ],
    "isTemplate": false,
    "count": 0,
    "lang": "es",
    "updated": 0
  },
  {
    "id": "9e955353-44a2-47d0-854d-dc34301c1d41",
    "data": [
      {
        "text": "dónde encuentro",
        "meta": "@Area",
        "alias": "area",
        "userDefined": false
      }
    ],
    "isTemplate": false,
    "count": 0,
    "lang": "es",
    "updated": 0
  },
  {
    "id": "5447da54-fb33-4531-ab41-87dd0114d5d2",
    "data": [
      {
        "text": "dónde está la oficina",
        "meta": "@Area",
        "alias": "area",
        "userDefined": false
      }
    ],
    "isTemplate": false,
    "count": 0,
    "lang": "es",
    "updated": 0
  },
  {
    "id": "8fdc2d5c-a5b8-4186-8cd8-b2eb3b7c3b62",
    "data": [
      {
        "text": "dónde se encuentra",
        "meta": "@Area",
        "alias": "area",
        "userDefined": false
      }
    ],
    "isTemplate": false,
    "count": 0,
    "lang": "es",
    "updated": 0
  },
  {
    "data": [
      {
        "text": "Direcion por favor",
        "userDefined": false
      }
    ],
    "isTemplate": false,
    "count": 0,
    "lang": "es",
    "updated": 0
  }
]