[
  {
    "value": "EconomíaSocial",
    "synonyms": [
      "economía social",
      "cooperativas",
      "desarrollo social",
      "asociativismo",
      "emprendimiento social",
      "proyectos comunitarios"
    ]
  },
  {
    "value": "Incubadora",
    "synonyms": [
      "incubadora",
      "emprendedores",
      "pymes",
      "startups",
      "incubadora de empresas",
      "empresas nuevas"
    ]
  },
  {
    "value": "PuntoDigital",
    "synonyms": [
      "punto digital",
      "punto",
      "informática",
      "centro digital",
      "tecnología",
      "cursos digitales",
      "acceso a internet",
      "capacitación digital"
    ]
  }
]