[
  {
    "id": "b7fce3ce-46e5-425d-a029-ef5f69fd12d4",
    "data": [
      {
        "text": "sí",
        "userDefined": false
      }
    ],
    "isTemplate": false,
    "count": 0,
    "lang": "es",
    "updated": 0
  },
  {
    "id": "7582e20f-bdb3-4a6d-b574-235528a06d4b",
    "data": [
      {
        "text": "quiero inscribirme",
        "userDefined": false
      }
    ],
    "isTemplate": false,
    "count": 0,
    "lang": "es",
    "updated": 0
  },
  {
    "id": "d525e4f3-4e8a-4c21-9f45-7ba9d390dc2f",
    "data": [
      {
        "text": "cómo postularme",
        "userDefined": false
      }
    ],
    "isTemplate": false,
    "count": 0,
    "lang": "es",
    "updated": 0
  },
  {
    "id": "eda43f34-8e8c-4d8f-bae6-bfac3322c8ce",
    "data": [
      {
        "text": "anotarme",
        "userDefined": false
      }
    ],
    "isTemplate": false,
    "count": 0,
    "lang": "es",
    "updated": 0
  },
  {
    "id": "7212b8bb-883b-4d9e-a13e-baae52cadc91",
    "data": [
      {
        "text": "mostrar calendario",
        "userDefined": false
      }
    ],
    "isTemplate": false,
    "count": 0,
    "lang": "es",
    "updated": 0
  },
  {
    "id": "24922bf5-3ebb-4a54-bd75-84bca1ce0cb5",
    "data": [
      {
        "text": "me interesa",
        "userDefined": false
      }
    ],
    "isTemplate": false,
    "count": 0,
    "lang": "es",
    "updated": 0
  },
  {
    "id": "35e29c59-b5b4-4483-96ab-7626ea4d5f90",
    "data": [
      {
        "text": "quiero participar",
        "userDefined": false
      }
    ],
    "isTemplate": false,
    "count": 0,
    "lang": "es",
    "updated": 0
  },
  {
    "id": "aa7ee254-ae68-439a-b38d-201c80dac951",
    "data": [
      {
        "text": "si",
        "userDefined": false
      }
    ],
    "isTemplate": false,
    "count": 1,
    "lang": "es",
    "updated": 0
  },
  {
    "data": [
      {
        "text": "Si",
        "userDefined": false
      }
    ],
    "isTemplate": false,
    "count": 0,
    "lang": "es",
    "updated": 0
  }
]