[
  {
    "id": "2c11e538-0941-45be-880c-d89de718935c",
    "data": [
      {
        "text": "sí",
        "userDefined": false
      }
    ],
    "isTemplate": false,
    "count": 0,
    "lang": "es",
    "updated": 0
  },
  {
    "id": "37ff7456-effb-4232-8a7f-41d60603ead5",
    "data": [
      {
        "text": "quiero inscribirme",
        "userDefined": false
      }
    ],
    "isTemplate": false,
    "count": 0,
    "lang": "es",
    "updated": 0
  },
  {
    "id": "272b9d9d-03ee-42f3-a70d-df042dcb9eb4",
    "data": [
      {
        "text": "cómo postularme",
        "userDefined": false
      }
    ],
    "isTemplate": false,
    "count": 0,
    "lang": "es",
    "updated": 0
  },
  {
    "id": "8a901b3c-d48b-4cc4-bd0a-42fffc3a3375",
    "data": [
      {
        "text": "anotarme",
        "userDefined": false
      }
    ],
    "isTemplate": false,
    "count": 0,
    "lang": "es",
    "updated": 0
  },
  {
    "id": "c992ecc8-479f-498d-8ba9-a3db8daa08e1",
    "data": [
      {
        "text": "mostrar calendario",
        "userDefined": false
      }
    ],
    "isTemplate": false,
    "count": 0,
    "lang": "es",
    "updated": 0
  },
  {
    "id": "c64bebf5-f4b9-451d-ae21-a41ef4003777",
    "data": [
      {
        "text": "me interesa",
        "userDefined": false
      }
    ],
    "isTemplate": false,
    "count": 0,
    "lang": "es",
    "updated": 0
  },
  {
    "id": "0bae9c77-72ba-48ba-9ebe-5fe7be16610b",
    "data": [
      {
        "text": "quiero participar",
        "userDefined": false
      }
    ],
    "isTemplate": false,
    "count": 0,
    "lang": "es",
    "updated": 0
  },
  {
    "data": [
      {
        "text": "si",
        "userDefined": false
      }
    ],
    "isTemplate": false,
    "count": 2,
    "lang": "es",
    "updated": 0
  }
]