[
  {
    "data": [
      {
        "text": "dónde queda punto digital",
        "meta": "@Area",
        "alias": "area",
        "userDefined": false
      }
    ],
    "isTemplate": false,
    "count": 0,
    "lang": "es",
    "updated": 0
  },
  {
    "data": [
      {
        "text": "ubicación de punto digital",
        "meta": "@Area",
        "alias": "area",
        "userDefined": false
      }
    ],
    "isTemplate": false,
    "count": 0,
    "lang": "es",
    "updated": 0
  },
  {
    "data": [
      {
        "text": "dónde está punto digital",
        "meta": "@Area",
        "alias": "area",
        "userDefined": false
      }
    ],
    "isTemplate": false,
    "count": 0,
    "lang": "es",
    "updated": 0
  },
  {
    "data": [
      {
        "text": "dirección de punto digital",
        "meta": "@Area",
        "alias": "area",
        "userDefined": false
      }
    ],
    "isTemplate": false,
    "count": 0,
    "lang": "es",
    "updated": 0
  },
  {
    "data": [
      {
        "text": "cómo llego a punto digital",
        "meta": "@Area",
        "alias": "area",
        "userDefined": false
      }
    ],
    "isTemplate": false,
    "count": 0,
    "lang": "es",
    "updated": 0
  },
  {
    "data": [
      {
        "text": "dónde encuentro punto digital",
        "meta": "@Area",
        "alias": "area",
        "userDefined": false
      }
    ],
    "isTemplate": false,
    "count": 0,
    "lang": "es",
    "updated": 0
  },
  {
    "data": [
      {
        "text": "dónde está la oficina de punto digital",
        "meta": "@Area",
        "alias": "area",
        "userDefined": false
      }
    ],
    "isTemplate": false,
    "count": 0,
    "lang": "es",
    "updated": 0
  },
  {
    "data": [
      {
        "text": "dónde se encuentra punto digital",
        "meta": "@Area",
        "alias": "area",
        "userDefined": false
      }
    ],
    "isTemplate": false,
    "count": 0,
    "lang": "es",
    "updated": 0
  },
  {
    "data": [
      {
        "text": "Punto",
        "meta": "@Area",
        "alias": "area",
        "userDefined": false
      }
    ],
    "isTemplate": false,
    "count": 1,
    "lang": "es",
    "updated": 0
  }
]