[
  {
    "id": "7f574cc4-102d-4ee8-bac8-f2f0e3bc53d2",
    "data": [
      {
        "text": "Terminar",
        "userDefined": false
      }
    ],
    "isTemplate": false,
    "count": 1,
    "lang": "es",
    "updated": 0
  },
  {
    "id": "f2a3993b-7e82-49a4-95c9-05ba6381a4c0",
    "data": [
      {
        "text": "cerrar",
        "userDefined": false
      }
    ],
    "isTemplate": false,
    "count": 1,
    "lang": "es",
    "updated": 0
  },
  {
    "id": "9d1474b3-bee4-430b-8d98-8b931209e91c",
    "data": [
      {
        "text": "Fin",
        "userDefined": false
      }
    ],
    "isTemplate": false,
    "count": 0,
    "lang": "es",
    "updated": 0
  },
  {
    "id": "11b34517-5c81-442c-a7ba-3bd20a9b490c",
    "data": [
      {
        "text": "Hasta luego",
        "userDefined": false
      }
    ],
    "isTemplate": false,
    "count": 0,
    "lang": "es",
    "updated": 0
  },
  {
    "id": "6571d3ed-9ccb-4e9a-96a1-39a9943ad677",
    "data": [
      {
        "text": "Chau",
        "userDefined": false
      }
    ],
    "isTemplate": false,
    "count": 1,
    "lang": "es",
    "updated": 0
  },
  {
    "id": "b546d155-c315-4de2-991c-fde9b2241bd9",
    "data": [
      {
        "text": "Adiós",
        "userDefined": false
      }
    ],
    "isTemplate": false,
    "count": 0,
    "lang": "es",
    "updated": 0
  },
  {
    "id": "5f591ffd-be46-46d9-a622-9bb10bc7d6fd",
    "data": [
      {
        "text": "Listo",
        "userDefined": false
      }
    ],
    "isTemplate": false,
    "count": 0,
    "lang": "es",
    "updated": 0
  },
  {
    "id": "8ac3759e-6980-4e48-bd18-e7a79ec34829",
    "data": [
      {
        "text": "Gracias",
        "userDefined": false
      }
    ],
    "isTemplate": false,
    "count": 0,
    "lang": "es",
    "updated": 0
  },
  {
    "id": "94595cb2-2b6a-448f-87a8-c2921e9a4162",
    "data": [
      {
        "text": "sí, cerrar",
        "userDefined": false
      }
    ],
    "isTemplate": false,
    "count": 0,
    "lang": "es",
    "updated": 0
  },
  {
    "id": "307ba2ca-40af-4778-808a-48f3e851e06d",
    "data": [
      {
        "text": "sí, terminemos",
        "userDefined": false
      }
    ],
    "isTemplate": false,
    "count": 0,
    "lang": "es",
    "updated": 0
  },
  {
    "id": "82d0ce60-0c6a-47b7-9ddc-70890b4149c2",
    "data": [
      {
        "text": "sí, gracias",
        "userDefined": false
      }
    ],
    "isTemplate": false,
    "count": 0,
    "lang": "es",
    "updated": 0
  },
  {
    "id": "cd6ffe99-2947-4ef4-bb07-7745e195480e",
    "data": [
      {
        "text": "quiero cerrar",
        "userDefined": false
      }
    ],
    "isTemplate": false,
    "count": 0,
    "lang": "es",
    "updated": 0
  },
  {
    "id": "38644764-4e50-4abe-a462-4f845c5fc54b",
    "data": [
      {
        "text": "terminar charla",
        "userDefined": false
      }
    ],
    "isTemplate": false,
    "count": 0,
    "lang": "es",
    "updated": 0
  },
  {
    "id": "5586e763-f51a-4a02-8839-1ace6f2d31f8",
    "data": [
      {
        "text": "salir",
        "userDefined": false
      }
    ],
    "isTemplate": false,
    "count": 0,
    "lang": "es",
    "updated": 0
  },
  {
    "id": "04515e1c-dffa-4b16-85b4-b11a59291478",
    "data": [
      {
        "text": "cerrar conversación",
        "userDefined": false
      }
    ],
    "isTemplate": false,
    "count": 0,
    "lang": "es",
    "updated": 0
  },
  {
    "data": [
      {
        "text": "HU0eY4Dbm4PBpRbf0WhsHQ",
        "userDefined": false
      }
    ],
    "isTemplate": false,
    "count": 0,
    "lang": "es",
    "updated": 0
  },
  {
    "data": [
      {
        "text": "Hola ",
        "userDefined": false
      },
      {
        "text": "buenas tardes",
        "meta": "@sys.music-artist",
        "alias": "music-artist",
        "userDefined": false
      },
      {
        "text": "!\nBien en el transcurso de ",
        "userDefined": false
      },
      {
        "text": "estos",
        "meta": "@sys.location",
        "alias": "location",
        "userDefined": false
      },
      {
        "text": " dias lo completare y lo enviare ",
        "userDefined": false
      },
      {
        "text": "antes del martes",
        "meta": "@sys.date-time",
        "alias": "date-time",
        "userDefined": false
      },
      {
        "text": "! Muchas gracias, Buen ",
        "userDefined": false
      },
      {
        "text": "fin de semana",
        "meta": "@sys.date-time",
        "alias": "date-time1",
        "userDefined": false
      },
      {
        "text": "!",
        "userDefined": false
      }
    ],
    "isTemplate": false,
    "count": 0,
    "lang": "es",
    "updated": 0
  },
  {
    "data": [
      {
        "text": "genial",
        "userDefined": false
      }
    ],
    "isTemplate": false,
    "count": 0,
    "lang": "es",
    "updated": 0
  }
]