[
  {
    "id": "09713789-3b7f-4f82-be75-77c998dfd810",
    "data": [
      {
        "text": "no",
        "userDefined": false
      }
    ],
    "isTemplate": false,
    "count": 0,
    "lang": "es",
    "updated": 0
  },
  {
    "id": "fdb6b1ba-ba59-4913-b68b-315483e4d288",
    "data": [
      {
        "text": "no gracias",
        "userDefined": false
      }
    ],
    "isTemplate": false,
    "count": 0,
    "lang": "es",
    "updated": 0
  },
  {
    "id": "1739874d-3ba3-4a27-9929-e698cb076fa1",
    "data": [
      {
        "text": "no por ahora",
        "userDefined": false
      }
    ],
    "isTemplate": false,
    "count": 0,
    "lang": "es",
    "updated": 0
  },
  {
    "id": "ee6993a2-c915-44bd-a3f5-13bab04aa286",
    "data": [
      {
        "text": "tal vez después",
        "userDefined": false
      }
    ],
    "isTemplate": false,
    "count": 0,
    "lang": "es",
    "updated": 0
  },
  {
    "id": "56c826a4-1efe-4ad1-b481-8a3b04af1716",
    "data": [
      {
        "text": "ahora no",
        "userDefined": false
      }
    ],
    "isTemplate": false,
    "count": 0,
    "lang": "es",
    "updated": 0
  },
  {
    "id": "5b057679-d35e-4242-b38f-f7290bc0916e",
    "data": [
      {
        "text": "más adelante",
        "userDefined": false
      }
    ],
    "isTemplate": false,
    "count": 0,
    "lang": "es",
    "updated": 0
  },
  {
    "id": "a1555f1e-3c1d-4b1b-9c4d-6c176377bff4",
    "data": [
      {
        "text": "prefiero no",
        "userDefined": false
      }
    ],
    "isTemplate": false,
    "count": 0,
    "lang": "es",
    "updated": 0
  },
  {
    "id": "52f8581f-d155-437f-90a9-bdf0fb703bc2",
    "data": [
      {
        "text": "mejor no",
        "userDefined": false
      }
    ],
    "isTemplate": false,
    "count": 0,
    "lang": "es",
    "updated": 0
  },
  {
    "id": "8391d164-169a-44a5-964a-aab35ee0d3ca",
    "data": [
      {
        "text": "hoy no",
        "userDefined": false
      }
    ],
    "isTemplate": false,
    "count": 0,
    "lang": "es",
    "updated": 0
  },
  {
    "id": "031f2804-c2da-4bf5-ae2d-189f6c043ff9",
    "data": [
      {
        "text": "gracias pero no",
        "userDefined": false
      }
    ],
    "isTemplate": false,
    "count": 0,
    "lang": "es",
    "updated": 0
  },
  {
    "id": "b9297a85-3308-4d4e-beca-f97e76a212a7",
    "data": [
      {
        "text": "después",
        "userDefined": false
      }
    ],
    "isTemplate": false,
    "count": 0,
    "lang": "es",
    "updated": 0
  },
  {
    "id": "0e78da80-f8bd-44a4-88e8-4ce753886134",
    "data": [
      {
        "text": "lo pienso",
        "userDefined": false
      }
    ],
    "isTemplate": false,
    "count": 0,
    "lang": "es",
    "updated": 0
  }
]