[
  {
    "id": "43465dcc-9fc6-4b0d-9202-86175090b7f8",
    "data": [
      {
        "text": "Feria artesanos",
        "userDefined": false
      }
    ],
    "isTemplate": false,
    "count": 0,
    "lang": "es",
    "updated": 0
  },
  {
    "id": "789275c6-1216-46bb-9b32-8f3820943404",
    "data": [
      {
        "text": "Artesanos",
        "userDefined": false
      }
    ],
    "isTemplate": false,
    "count": 0,
    "lang": "es",
    "updated": 0
  },
  {
    "id": "ba736965-11cd-48f9-9cab-96dd8353120a",
    "data": [
      {
        "text": "Feria",
        "userDefined": false
      }
    ],
    "isTemplate": false,
    "count": 1,
    "lang": "es",
    "updated": 0
  },
  {
    "id": "532ac440-c36a-406a-bdca-e2dd3085dc0a",
    "data": [
      {
        "text": "ruesys",
        "userDefined": false
      }
    ],
    "isTemplate": false,
    "count": 0,
    "lang": "es",
    "updated": 0
  },
  {
    "id": "b7fce3ce-46e5-425d-a029-ef5f69fd12d4",
    "data": [
      {
        "text": "sí",
        "userDefined": false
      }
    ],
    "isTemplate": false,
    "count": 0,
    "lang": "es",
    "updated": 0
  },
  {
    "id": "7582e20f-bdb3-4a6d-b574-235528a06d4b",
    "data": [
      {
        "text": "quiero inscribirme",
        "userDefined": false
      }
    ],
    "isTemplate": false,
    "count": 0,
    "lang": "es",
    "updated": 0
  },
  {
    "id": "d525e4f3-4e8a-4c21-9f45-7ba9d390dc2f",
    "data": [
      {
        "text": "cómo postularme",
        "userDefined": false
      }
    ],
    "isTemplate": false,
    "count": 0,
    "lang": "es",
    "updated": 0
  },
  {
    "id": "eda43f34-8e8c-4d8f-bae6-bfac3322c8ce",
    "data": [
      {
        "text": "anotarme",
        "userDefined": false
      }
    ],
    "isTemplate": false,
    "count": 0,
    "lang": "es",
    "updated": 0
  },
  {
    "id": "7212b8bb-883b-4d9e-a13e-baae52cadc91",
    "data": [
      {
        "text": "mostrar calendario",
        "userDefined": false
      }
    ],
    "isTemplate": false,
    "count": 0,
    "lang": "es",
    "updated": 0
  },
  {
    "id": "24922bf5-3ebb-4a54-bd75-84bca1ce0cb5",
    "data": [
      {
        "text": "me interesa",
        "userDefined": false
      }
    ],
    "isTemplate": false,
    "count": 0,
    "lang": "es",
    "updated": 0
  },
  {
    "id": "35e29c59-b5b4-4483-96ab-7626ea4d5f90",
    "data": [
      {
        "text": "quiero participar",
        "userDefined": false
      }
    ],
    "isTemplate": false,
    "count": 0,
    "lang": "es",
    "updated": 0
  },
  {
    "id": "aa7ee254-ae68-439a-b38d-201c80dac951",
    "data": [
      {
        "text": "si",
        "userDefined": false
      }
    ],
    "isTemplate": false,
    "count": 1,
    "lang": "es",
    "updated": 0
  },
  {
    "id": "3e71ca64-ef0b-4569-9e49-3274f92eb836",
    "data": [
      {
        "text": "Si",
        "userDefined": false
      }
    ],
    "isTemplate": false,
    "count": 0,
    "lang": "es",
    "updated": 0
  },
  {
    "id": "5484137a-f40e-4cae-9d88-56b4f0fe8bc8",
    "data": [
      {
        "text": "Habilitaciones de four ",
        "userDefined": false
      },
      {
        "text": "trake",
        "meta": "@sys.music-artist",
        "alias": "music-artist",
        "userDefined": false
      }
    ],
    "isTemplate": false,
    "count": 0,
    "lang": "es",
    "updated": 0
  },
  {
    "id": "4e6c66a1-0402-40c3-93c2-cd72749be045",
    "data": [
      {
        "text": "Habilitaciones",
        "userDefined": false
      }
    ],
    "isTemplate": false,
    "count": 0,
    "lang": "es",
    "updated": 0
  },
  {
    "id": "077cbf95-4f24-4c48-9306-44a56c689c0b",
    "data": [
      {
        "text": "Me llegó ",
        "userDefined": false
      },
      {
        "text": "un",
        "meta": "@sys.number",
        "alias": "number",
        "userDefined": false
      },
      {
        "text": " correo de ficha ruesys ",
        "userDefined": false
      },
      {
        "text": "9222",
        "meta": "@sys.phone-number",
        "alias": "phone-number",
        "userDefined": false
      }
    ],
    "isTemplate": false,
    "count": 0,
    "lang": "es",
    "updated": 0
  },
  {
    "id": "2acad005-4221-43e7-9bad-330af2c28238",
    "data": [
      {
        "text": "le pasaron mi número de celular para información microemprendimiento",
        "userDefined": false
      }
    ],
    "isTemplate": false,
    "count": 0,
    "lang": "es",
    "updated": 0
  },
  {
    "id": "4e1f3783-cfbd-4470-be0f-ebd2745d8dd3",
    "data": [
      {
        "text": "Hola buen dia , ",
        "userDefined": false
      },
      {
        "text": "mi",
        "meta": "@sys.unit-length-name",
        "alias": "unit-length-name",
        "userDefined": false
      },
      {
        "text": " nombre ",
        "userDefined": false
      },
      {
        "text": "es",
        "meta": "@sys.language",
        "alias": "language",
        "userDefined": false
      },
      {
        "text": " ",
        "userDefined": false
      },
      {
        "text": "Carla esquivel",
        "meta": "@sys.person",
        "alias": "person",
        "userDefined": false
      },
      {
        "text": ", queria consultar por que tengo ",
        "userDefined": false
      },
      {
        "text": "un",
        "meta": "@sys.number",
        "alias": "number",
        "userDefined": false
      },
      {
        "text": " emprendimiento , chocolates artesanales, bombones rellenos vendo en ",
        "userDefined": false
      },
      {
        "text": "comercios",
        "meta": "@sys.location",
        "alias": "location",
        "userDefined": false
      },
      {
        "text": " y queria saber si puedo sacar algun permiso para poder vender en ",
        "userDefined": false
      },
      {
        "text": "las ferias",
        "meta": "@sys.location",
        "alias": "location1",
        "userDefined": false
      },
      {
        "text": " .",
        "userDefined": false
      }
    ],
    "isTemplate": false,
    "count": 0,
    "lang": "es",
    "updated": 0
  },
  {
    "id": "75c0688b-5dc2-44e0-8d4c-f8d03185e79a",
    "data": [
      {
        "text": "Tengo ",
        "userDefined": false
      },
      {
        "text": "un",
        "meta": "@sys.number",
        "alias": "number",
        "userDefined": false
      },
      {
        "text": " emprendimiento necesito ",
        "userDefined": false
      },
      {
        "text": "un",
        "meta": "@sys.number",
        "alias": "number1",
        "userDefined": false
      },
      {
        "text": " permiso nada mas para poder vender ",
        "userDefined": false
      },
      {
        "text": "mi",
        "meta": "@sys.unit-length-name",
        "alias": "unit-length-name",
        "userDefined": false
      },
      {
        "text": " producto",
        "userDefined": false
      }
    ],
    "isTemplate": false,
    "count": 0,
    "lang": "es",
    "updated": 0
  },
  {
    "data": [
      {
        "text": "Si me quiero postular para el programa de subsidio",
        "userDefined": false
      }
    ],
    "isTemplate": false,
    "count": 0,
    "lang": "es",
    "updated": 0
  }
]