[
  {
    "id": "74985489-8dcd-44a0-b625-f33e20cd7df4",
    "data": [
      {
        "text": "no",
        "userDefined": false
      }
    ],
    "isTemplate": false,
    "count": 0,
    "lang": "es",
    "updated": 0
  },
  {
    "id": "acadcafc-d0e7-4aec-9a2e-3faad9e6f7d7",
    "data": [
      {
        "text": "no gracias",
        "userDefined": false
      }
    ],
    "isTemplate": false,
    "count": 0,
    "lang": "es",
    "updated": 0
  },
  {
    "id": "59bb65b6-68bb-410c-ab6f-0eda78014d13",
    "data": [
      {
        "text": "no por ahora",
        "userDefined": false
      }
    ],
    "isTemplate": false,
    "count": 0,
    "lang": "es",
    "updated": 0
  },
  {
    "id": "d1f2ca40-e969-4378-8880-ddf664bcdc9d",
    "data": [
      {
        "text": "tal vez después",
        "userDefined": false
      }
    ],
    "isTemplate": false,
    "count": 0,
    "lang": "es",
    "updated": 0
  },
  {
    "id": "06eadbbf-fccf-4873-bd60-18f8152b0df8",
    "data": [
      {
        "text": "ahora no",
        "userDefined": false
      }
    ],
    "isTemplate": false,
    "count": 0,
    "lang": "es",
    "updated": 0
  },
  {
    "id": "8f95c775-e230-430c-af98-2f7ef5e41ad2",
    "data": [
      {
        "text": "más adelante",
        "userDefined": false
      }
    ],
    "isTemplate": false,
    "count": 0,
    "lang": "es",
    "updated": 0
  },
  {
    "id": "f3145161-fe63-46c1-aa65-795c469a8d35",
    "data": [
      {
        "text": "prefiero no",
        "userDefined": false
      }
    ],
    "isTemplate": false,
    "count": 0,
    "lang": "es",
    "updated": 0
  },
  {
    "id": "085258e8-986c-4768-b4cb-633c98f34407",
    "data": [
      {
        "text": "mejor no",
        "userDefined": false
      }
    ],
    "isTemplate": false,
    "count": 0,
    "lang": "es",
    "updated": 0
  },
  {
    "id": "ab367def-836a-4717-bcaf-7b22739107db",
    "data": [
      {
        "text": "hoy no",
        "userDefined": false
      }
    ],
    "isTemplate": false,
    "count": 0,
    "lang": "es",
    "updated": 0
  },
  {
    "id": "ca094551-e3ea-42be-ad48-1bb884baeabf",
    "data": [
      {
        "text": "gracias pero no",
        "userDefined": false
      }
    ],
    "isTemplate": false,
    "count": 0,
    "lang": "es",
    "updated": 0
  },
  {
    "id": "2c65f352-9e71-4325-80a0-d6bb6691cb2c",
    "data": [
      {
        "text": "después",
        "userDefined": false
      }
    ],
    "isTemplate": false,
    "count": 0,
    "lang": "es",
    "updated": 0
  },
  {
    "id": "a2230a1c-d0db-4f04-a66c-6f799b407e59",
    "data": [
      {
        "text": "lo pienso",
        "userDefined": false
      }
    ],
    "isTemplate": false,
    "count": 0,
    "lang": "es",
    "updated": 0
  }
]