[
  {
    "id": "70dc9740-d271-41b9-a86d-5a73a96197b4",
    "data": [
      {
        "text": "Ayuda",
        "userDefined": false
      }
    ],
    "isTemplate": false,
    "count": 0,
    "lang": "es",
    "updated": 0
  },
  {
    "id": "b9ae4c9f-ea65-4d9f-9950-317003466f76",
    "data": [
      {
        "text": "ASISTENCIA",
        "userDefined": false
      }
    ],
    "isTemplate": false,
    "count": 1,
    "lang": "es",
    "updated": 0
  },
  {
    "id": "b463f4a7-c359-4789-baa1-5a5d0f19c510",
    "data": [
      {
        "text": "Programa nacional",
        "userDefined": false
      }
    ],
    "isTemplate": false,
    "count": 0,
    "lang": "es",
    "updated": 0
  },
  {
    "id": "19fa2374-e327-4ddf-9cdd-bdfc533a1eb8",
    "data": [
      {
        "text": "nación",
        "userDefined": false
      }
    ],
    "isTemplate": false,
    "count": 1,
    "lang": "es",
    "updated": 0
  },
  {
    "id": "4f45f0f5-6e0f-4434-b919-73928063ead5",
    "data": [
      {
        "text": "Programa",
        "userDefined": false
      }
    ],
    "isTemplate": false,
    "count": 0,
    "lang": "es",
    "updated": 0
  },
  {
    "id": "69cd9022-432f-4d8f-8a72-d202e46f45c3",
    "data": [
      {
        "text": "Programas",
        "userDefined": false
      }
    ],
    "isTemplate": false,
    "count": 3,
    "lang": "es",
    "updated": 0
  },
  {
    "id": "c8028249-dcc9-4f6d-bac0-e0789233fe5f",
    "data": [
      {
        "text": "ANR",
        "userDefined": false
      }
    ],
    "isTemplate": false,
    "count": 0,
    "lang": "es",
    "updated": 0
  },
  {
    "id": "116693c8-4cf5-4996-828a-baf6c174d35a",
    "data": [
      {
        "text": "Discapacidad",
        "userDefined": false
      }
    ],
    "isTemplate": false,
    "count": 0,
    "lang": "es",
    "updated": 0
  },
  {
    "id": "a00716f9-c7ce-47ec-924e-5b556039e7ef",
    "data": [
      {
        "text": "Emprendedores con discapacidad",
        "userDefined": false
      }
    ],
    "isTemplate": false,
    "count": 0,
    "lang": "es",
    "updated": 0
  },
  {
    "id": "9350b674-87c4-4e45-9290-0cf4885b2856",
    "data": [
      {
        "text": "tina",
        "userDefined": false
      }
    ],
    "isTemplate": false,
    "count": 2,
    "lang": "es",
    "updated": 0
  },
  {
    "id": "2385bfb7-c9f1-424c-a382-5299bade1bfd",
    "data": [
      {
        "text": "plan nacional",
        "userDefined": false
      }
    ],
    "isTemplate": false,
    "count": 0,
    "lang": "es",
    "updated": 0
  },
  {
    "id": "1158da1b-2e62-496a-a062-d88583f757e6",
    "data": [
      {
        "text": "programas nacionales",
        "userDefined": false
      }
    ],
    "isTemplate": false,
    "count": 0,
    "lang": "es",
    "updated": 0
  },
  {
    "id": "60994545-2b08-47bd-9088-13b55a7e4049",
    "data": [
      {
        "text": "concursos nacionales",
        "userDefined": false
      }
    ],
    "isTemplate": false,
    "count": 0,
    "lang": "es",
    "updated": 0
  },
  {
    "id": "724b14cb-6af1-4720-8e8e-06130e9d5322",
    "data": [
      {
        "text": "gestión con nación",
        "userDefined": false
      }
    ],
    "isTemplate": false,
    "count": 0,
    "lang": "es",
    "updated": 0
  },
  {
    "id": "57a2ddda-538d-4092-ba24-5f91bd825cd9",
    "data": [
      {
        "text": "qué hay desde nación",
        "userDefined": false
      }
    ],
    "isTemplate": false,
    "count": 0,
    "lang": "es",
    "updated": 0
  },
  {
    "id": "8211a32e-f914-4c32-81f0-bd9d68776d01",
    "data": [
      {
        "text": "ayuda nacional",
        "userDefined": false
      }
    ],
    "isTemplate": false,
    "count": 0,
    "lang": "es",
    "updated": 0
  },
  {
    "id": "94726045-9ccb-4fad-bc1b-2fdc292881c3",
    "data": [
      {
        "text": "subsidios nacionales",
        "userDefined": false
      }
    ],
    "isTemplate": false,
    "count": 0,
    "lang": "es",
    "updated": 0
  },
  {
    "id": "2de5eae6-1f86-4952-b79c-c2f40c99dea9",
    "data": [
      {
        "text": "nacionales",
        "userDefined": false
      }
    ],
    "isTemplate": false,
    "count": 0,
    "lang": "es",
    "updated": 0
  },
  {
    "id": "7c3da78e-9624-4b71-91e4-09a620d1016b",
    "data": [
      {
        "text": "apoyo del gobierno nacional",
        "userDefined": false
      }
    ],
    "isTemplate": false,
    "count": 0,
    "lang": "es",
    "updated": 0
  },
  {
    "id": "9921c429-7428-4956-8785-9b1b970741bf",
    "data": [
      {
        "text": "convocatorias nacionales",
        "userDefined": false
      }
    ],
    "isTemplate": false,
    "count": 0,
    "lang": "es",
    "updated": 0
  },
  {
    "id": "822931b4-961e-444b-89e2-349abfde96ad",
    "data": [
      {
        "text": "oferta nacional",
        "userDefined": false
      }
    ],
    "isTemplate": false,
    "count": 0,
    "lang": "es",
    "updated": 0
  },
  {
    "id": "73517793-f0fc-4bac-b0c0-cffa9c47175d",
    "data": [
      {
        "text": "ministerio nacional",
        "userDefined": false
      }
    ],
    "isTemplate": false,
    "count": 0,
    "lang": "es",
    "updated": 0
  },
  {
    "id": "452996af-cc8b-4079-a65b-7a2f17fe4db4",
    "data": [
      {
        "text": "aporta nación",
        "userDefined": false
      }
    ],
    "isTemplate": false,
    "count": 0,
    "lang": "es",
    "updated": 0
  },
  {
    "id": "08dd9630-788d-4ed9-933e-68a3bd1e0fc6",
    "data": [
      {
        "text": "gestión nacional",
        "userDefined": false
      }
    ],
    "isTemplate": false,
    "count": 0,
    "lang": "es",
    "updated": 0
  },
  {
    "id": "b178a6fb-a218-4da6-9ac7-ad8139bfd88a",
    "data": [
      {
        "text": "hay programas nacionales",
        "userDefined": false
      }
    ],
    "isTemplate": false,
    "count": 0,
    "lang": "es",
    "updated": 0
  },
  {
    "id": "a2f3fe1c-3b5e-455e-8055-8cd2f53ff7de",
    "data": [
      {
        "text": "quiero info nacional",
        "userDefined": false
      }
    ],
    "isTemplate": false,
    "count": 0,
    "lang": "es",
    "updated": 0
  },
  {
    "id": "a768cc96-2917-49bc-9e06-33940a874bba",
    "data": [
      {
        "text": "qué hay del estado",
        "userDefined": false
      }
    ],
    "isTemplate": false,
    "count": 0,
    "lang": "es",
    "updated": 0
  },
  {
    "id": "0bef98a7-51c7-4172-b0ab-2d85a62c8357",
    "data": [
      {
        "text": "ayuda del estado nacional",
        "userDefined": false
      }
    ],
    "isTemplate": false,
    "count": 0,
    "lang": "es",
    "updated": 0
  },
  {
    "id": "f5a5bc21-8f82-4036-941b-ed5fd9aca429",
    "data": [
      {
        "text": "nación tiene algún plan",
        "userDefined": false
      }
    ],
    "isTemplate": false,
    "count": 0,
    "lang": "es",
    "updated": 0
  },
  {
    "id": "e29e0a42-75a8-4e81-be62-2843174f7369",
    "data": [
      {
        "text": "hay algo de nación",
        "userDefined": false
      }
    ],
    "isTemplate": false,
    "count": 0,
    "lang": "es",
    "updated": 0
  },
  {
    "id": "e939a1bc-3b43-427f-bff1-63228b64a82c",
    "data": [
      {
        "text": "programa nacional disponible",
        "userDefined": false
      }
    ],
    "isTemplate": false,
    "count": 0,
    "lang": "es",
    "updated": 0
  },
  {
    "id": "3808e6b1-8938-458b-bb88-14cc20f6fcfe",
    "data": [
      {
        "text": "info de nación",
        "userDefined": false
      }
    ],
    "isTemplate": false,
    "count": 0,
    "lang": "es",
    "updated": 0
  },
  {
    "id": "4a3ec40c-ebac-436f-9471-b88a80493165",
    "data": [
      {
        "text": "qué ofrece nación",
        "userDefined": false
      }
    ],
    "isTemplate": false,
    "count": 0,
    "lang": "es",
    "updated": 0
  },
  {
    "id": "c5c2e96a-2fe9-4f16-8a7f-68a94cdfc990",
    "data": [
      {
        "text": "cómo puedo acceder a programas nacionales",
        "userDefined": false
      }
    ],
    "isTemplate": false,
    "count": 0,
    "lang": "es",
    "updated": 0
  },
  {
    "id": "fa7e87d3-21ed-43b5-9c91-8a6808cf7668",
    "data": [
      {
        "text": "ayuda estatal",
        "userDefined": false
      }
    ],
    "isTemplate": false,
    "count": 0,
    "lang": "es",
    "updated": 0
  },
  {
    "id": "732668ba-ec74-49aa-8b41-d16633b9e441",
    "data": [
      {
        "text": "plan nacional disponible",
        "userDefined": false
      }
    ],
    "isTemplate": false,
    "count": 0,
    "lang": "es",
    "updated": 0
  },
  {
    "id": "476d233a-7aee-430c-8d9e-f401182ed043",
    "data": [
      {
        "text": "qué gestión hay con nación",
        "userDefined": false
      }
    ],
    "isTemplate": false,
    "count": 0,
    "lang": "es",
    "updated": 0
  },
  {
    "id": "6c6f8363-1658-4aa2-bd43-797f25a81573",
    "data": [
      {
        "text": "hay concursos desde nación",
        "userDefined": false
      }
    ],
    "isTemplate": false,
    "count": 0,
    "lang": "es",
    "updated": 0
  },
  {
    "id": "da523474-2444-49be-9a08-4a14ab0f6c9e",
    "data": [
      {
        "text": "fondos de nación",
        "userDefined": false
      }
    ],
    "isTemplate": false,
    "count": 0,
    "lang": "es",
    "updated": 0
  },
  {
    "id": "5ca3f9ee-330c-41eb-aa25-88edfe9ca7e2",
    "data": [
      {
        "text": "becas nacionales",
        "userDefined": false
      }
    ],
    "isTemplate": false,
    "count": 0,
    "lang": "es",
    "updated": 0
  },
  {
    "id": "b3dc4f09-b641-4419-9d01-df9ab8b818ec",
    "data": [
      {
        "text": "proyectos nacionales",
        "userDefined": false
      }
    ],
    "isTemplate": false,
    "count": 0,
    "lang": "es",
    "updated": 0
  },
  {
    "id": "07ef947f-3fc0-43be-9655-191007a87251",
    "data": [
      {
        "text": "beneficios desde nación",
        "userDefined": false
      }
    ],
    "isTemplate": false,
    "count": 0,
    "lang": "es",
    "updated": 0
  },
  {
    "id": "38316a16-9857-439b-bfb8-0051f54319d5",
    "data": [
      {
        "text": "ofertas del gobierno nacional",
        "userDefined": false
      }
    ],
    "isTemplate": false,
    "count": 1,
    "lang": "es",
    "updated": 0
  },
  {
    "id": "24630650-77c2-44a9-980f-2eb2702f2ddc",
    "data": [
      {
        "text": "Nación",
        "userDefined": false
      }
    ],
    "isTemplate": false,
    "count": 1,
    "lang": "es",
    "updated": 0
  },
  {
    "id": "8f47e735-1c88-4139-b027-346fc8c38563",
    "data": [
      {
        "text": "NACION",
        "userDefined": false
      }
    ],
    "isTemplate": false,
    "count": 0,
    "lang": "es",
    "updated": 0
  },
  {
    "data": [
      {
        "text": "Llene el formulario y lo envie",
        "userDefined": false
      }
    ],
    "isTemplate": false,
    "count": 0,
    "lang": "es",
    "updated": 0
  },
  {
    "data": [
      {
        "text": "Buenas ",
        "userDefined": false
      },
      {
        "text": "tarde",
        "meta": "@sys.time-period",
        "alias": "time-period",
        "userDefined": false
      },
      {
        "text": " necesito información sobre ",
        "userDefined": false
      },
      {
        "text": "la",
        "meta": "@sys.location",
        "alias": "location",
        "userDefined": false
      },
      {
        "text": " ayuda de emprendimiento para personas discapacitados",
        "userDefined": false
      }
    ],
    "isTemplate": false,
    "count": 0,
    "lang": "es",
    "updated": 0
  }
]