[
  {
    "id": "26132046-a5f9-4627-9110-8e675150fcd5",
    "data": [
      {
        "text": "no",
        "userDefined": false
      }
    ],
    "isTemplate": false,
    "count": 0,
    "lang": "es",
    "updated": 0
  },
  {
    "id": "a12f3f14-5394-4550-a17f-d258d920739d",
    "data": [
      {
        "text": "no gracias",
        "userDefined": false
      }
    ],
    "isTemplate": false,
    "count": 0,
    "lang": "es",
    "updated": 0
  },
  {
    "id": "fd81a3a9-652a-4a08-a5bf-1b5fde811747",
    "data": [
      {
        "text": "no por ahora",
        "userDefined": false
      }
    ],
    "isTemplate": false,
    "count": 0,
    "lang": "es",
    "updated": 0
  },
  {
    "id": "d949fd73-8d72-49f8-9027-b57cb68ff6a0",
    "data": [
      {
        "text": "tal vez después",
        "userDefined": false
      }
    ],
    "isTemplate": false,
    "count": 0,
    "lang": "es",
    "updated": 0
  },
  {
    "id": "aa4f2496-f223-4b0d-afaf-5c31b7ec38d3",
    "data": [
      {
        "text": "ahora no",
        "userDefined": false
      }
    ],
    "isTemplate": false,
    "count": 0,
    "lang": "es",
    "updated": 0
  },
  {
    "id": "5bcf02c0-5c0a-43f4-a06a-4e49a723d2ad",
    "data": [
      {
        "text": "más adelante",
        "userDefined": false
      }
    ],
    "isTemplate": false,
    "count": 0,
    "lang": "es",
    "updated": 0
  },
  {
    "id": "6da20498-8a43-46d3-9300-77406dfdea03",
    "data": [
      {
        "text": "prefiero no",
        "userDefined": false
      }
    ],
    "isTemplate": false,
    "count": 0,
    "lang": "es",
    "updated": 0
  },
  {
    "id": "a43e1f1b-50d4-42d2-8a9c-683f42e5bbc7",
    "data": [
      {
        "text": "mejor no",
        "userDefined": false
      }
    ],
    "isTemplate": false,
    "count": 0,
    "lang": "es",
    "updated": 0
  },
  {
    "id": "7988d46d-9559-4657-9b0c-75b84b376b20",
    "data": [
      {
        "text": "hoy no",
        "userDefined": false
      }
    ],
    "isTemplate": false,
    "count": 0,
    "lang": "es",
    "updated": 0
  },
  {
    "id": "753b234d-6459-4094-9b5d-d99cf6b30083",
    "data": [
      {
        "text": "gracias pero no",
        "userDefined": false
      }
    ],
    "isTemplate": false,
    "count": 0,
    "lang": "es",
    "updated": 0
  },
  {
    "id": "db59e528-6b06-4199-a4a2-6a66ce3dcd58",
    "data": [
      {
        "text": "después",
        "userDefined": false
      }
    ],
    "isTemplate": false,
    "count": 0,
    "lang": "es",
    "updated": 0
  },
  {
    "id": "10669feb-8aaa-4b60-96b7-c7c05ddb3d77",
    "data": [
      {
        "text": "lo pienso",
        "userDefined": false
      }
    ],
    "isTemplate": false,
    "count": 0,
    "lang": "es",
    "updated": 0
  }
]