[
  {
    "id": "c734ac89-6f5a-4174-9d06-bfaa9b04a3d0",
    "data": [
      {
        "text": "acelerar",
        "userDefined": false
      }
    ],
    "isTemplate": false,
    "count": 0,
    "lang": "es",
    "updated": 0
  },
  {
    "id": "74ca18fa-4bbc-431f-97ac-bd3fce8619d5",
    "data": [
      {
        "text": "canvas",
        "userDefined": false
      }
    ],
    "isTemplate": false,
    "count": 0,
    "lang": "es",
    "updated": 0
  },
  {
    "id": "843f5ad6-bc70-4df4-8f16-1b7f6464fc8b",
    "data": [
      {
        "text": "proyecto",
        "userDefined": false
      }
    ],
    "isTemplate": false,
    "count": 0,
    "lang": "es",
    "updated": 0
  },
  {
    "id": "eea46af7-dcd9-4459-aabc-75530f0c8da6",
    "data": [
      {
        "text": "startup",
        "userDefined": false
      }
    ],
    "isTemplate": false,
    "count": 0,
    "lang": "es",
    "updated": 0
  },
  {
    "id": "db42a875-95ac-409e-b7f9-e1d7e88d19e2",
    "data": [
      {
        "text": "Emprender",
        "userDefined": false
      }
    ],
    "isTemplate": false,
    "count": 0,
    "lang": "es",
    "updated": 0
  },
  {
    "id": "293bb4b2-6c05-4a5d-949a-812ff71b6c84",
    "data": [
      {
        "text": "pyme",
        "userDefined": false
      }
    ],
    "isTemplate": false,
    "count": 0,
    "lang": "es",
    "updated": 0
  },
  {
    "id": "03c123c7-05cb-4cb9-b2d2-615fb63d75f8",
    "data": [
      {
        "text": "incubadora",
        "userDefined": false
      }
    ],
    "isTemplate": false,
    "count": 7,
    "lang": "es",
    "updated": 0
  },
  {
    "id": "10c74f35-fe15-4a32-8e2e-d2669ed21f05",
    "data": [
      {
        "text": "incubadora de empresas",
        "userDefined": false
      }
    ],
    "isTemplate": false,
    "count": 0,
    "lang": "es",
    "updated": 0
  },
  {
    "id": "4597b41d-0686-446b-b389-8b6332c5d1b5",
    "data": [
      {
        "text": "información de incubadora",
        "userDefined": false
      }
    ],
    "isTemplate": false,
    "count": 0,
    "lang": "es",
    "updated": 0
  },
  {
    "id": "03f7f0c2-daf3-4439-a257-e0b41518a0ce",
    "data": [
      {
        "text": "qué ofrece la incubadora",
        "userDefined": false
      }
    ],
    "isTemplate": false,
    "count": 0,
    "lang": "es",
    "updated": 0
  },
  {
    "id": "74369eb8-ad92-4899-a636-c17f8e418d21",
    "data": [
      {
        "text": "programas para emprendedores",
        "userDefined": false
      }
    ],
    "isTemplate": false,
    "count": 0,
    "lang": "es",
    "updated": 0
  },
  {
    "id": "d9d285c2-77f1-4218-9ca3-b60dfb3a6975",
    "data": [
      {
        "text": "planes para pymes",
        "userDefined": false
      }
    ],
    "isTemplate": false,
    "count": 0,
    "lang": "es",
    "updated": 0
  },
  {
    "id": "4e234903-db65-4266-85ec-0503aa0c177a",
    "data": [
      {
        "text": "incubar un proyecto",
        "userDefined": false
      }
    ],
    "isTemplate": false,
    "count": 0,
    "lang": "es",
    "updated": 0
  },
  {
    "id": "5de8adeb-3010-4002-860a-224629df18c0",
    "data": [
      {
        "text": "apoyo a emprendedores",
        "userDefined": false
      }
    ],
    "isTemplate": false,
    "count": 0,
    "lang": "es",
    "updated": 0
  },
  {
    "id": "e574dbb8-509d-484d-97d2-6b777b71fc8a",
    "data": [
      {
        "text": "programas para pymes",
        "userDefined": false
      }
    ],
    "isTemplate": false,
    "count": 0,
    "lang": "es",
    "updated": 0
  },
  {
    "id": "f4242652-278c-4192-b031-a9ea4fc33e7a",
    "data": [
      {
        "text": "mentoría para empresas",
        "userDefined": false
      }
    ],
    "isTemplate": false,
    "count": 0,
    "lang": "es",
    "updated": 0
  },
  {
    "id": "a9eb71ed-b07c-4cd8-97b9-fcbf11e17508",
    "data": [
      {
        "text": "emprender en la ciudad",
        "userDefined": false
      }
    ],
    "isTemplate": false,
    "count": 0,
    "lang": "es",
    "updated": 0
  },
  {
    "id": "a2eb225b-97c4-429d-8f66-f5f0b792257f",
    "data": [
      {
        "text": "startup en San Martín",
        "userDefined": false
      }
    ],
    "isTemplate": false,
    "count": 0,
    "lang": "es",
    "updated": 0
  },
  {
    "id": "04919965-7b10-4b7a-b2ba-817491623c6b",
    "data": [
      {
        "text": "financiamiento emprendedor",
        "userDefined": false
      }
    ],
    "isTemplate": false,
    "count": 0,
    "lang": "es",
    "updated": 0
  },
  {
    "id": "ef5c28ff-01b8-4b67-8179-eab64c0cf265",
    "data": [
      {
        "text": "ronda de inversión",
        "userDefined": false
      }
    ],
    "isTemplate": false,
    "count": 0,
    "lang": "es",
    "updated": 0
  },
  {
    "id": "d402607b-d7b2-4c34-b8ea-c6ac18d670c0",
    "data": [
      {
        "text": "asesoramiento a emprendedores",
        "userDefined": false
      }
    ],
    "isTemplate": false,
    "count": 0,
    "lang": "es",
    "updated": 0
  },
  {
    "id": "112d10be-4a27-4e7b-ace0-6bc063137672",
    "data": [
      {
        "text": "tengo un emprendimiento",
        "userDefined": false
      }
    ],
    "isTemplate": false,
    "count": 0,
    "lang": "es",
    "updated": 0
  },
  {
    "id": "1a855a0b-5c23-40e1-b8f3-c8ad4f1dd35b",
    "data": [
      {
        "text": "busco impulso para mi empresa",
        "userDefined": false
      }
    ],
    "isTemplate": false,
    "count": 0,
    "lang": "es",
    "updated": 0
  },
  {
    "id": "fb1b52ad-f3a3-4729-b3a6-ffaf735cd0f1",
    "data": [
      {
        "text": "Incubadora",
        "userDefined": false
      }
    ],
    "isTemplate": false,
    "count": 6,
    "lang": "es",
    "updated": 0
  }
]