[
  {
    "id": "b7552fb1-4eb5-4f4c-9ee4-7f0a3a0fcd99",
    "data": [
      {
        "text": "contacto incubadora",
        "meta": "@Area",
        "alias": "area",
        "userDefined": false
      }
    ],
    "isTemplate": false,
    "count": 0,
    "lang": "es",
    "updated": 0
  },
  {
    "id": "17d8d9d1-5dbc-49f7-bcbd-cc939a2311b1",
    "data": [
      {
        "text": "dirección incubadora",
        "meta": "@Area",
        "alias": "area",
        "userDefined": false
      }
    ],
    "isTemplate": false,
    "count": 0,
    "lang": "es",
    "updated": 0
  },
  {
    "id": "18be238b-f510-498a-ae48-8a7c21403e52",
    "data": [
      {
        "text": "mail incubadora",
        "meta": "@Area",
        "alias": "area",
        "userDefined": false
      }
    ],
    "isTemplate": false,
    "count": 0,
    "lang": "es",
    "updated": 0
  },
  {
    "id": "02059bfe-df7f-4051-b75d-8991d149921d",
    "data": [
      {
        "text": "contacto de incubadora",
        "meta": "@Area",
        "alias": "area",
        "userDefined": false
      }
    ],
    "isTemplate": false,
    "count": 0,
    "lang": "es",
    "updated": 0
  },
  {
    "id": "5c408fe3-ad04-4cd2-b1b7-29cc9d3ff147",
    "data": [
      {
        "text": "Mail de Punto Digital",
        "meta": "@Area",
        "alias": "area",
        "userDefined": false
      }
    ],
    "isTemplate": false,
    "count": 1,
    "lang": "es",
    "updated": 0
  },
  {
    "id": "d3a0651a-f5dd-4368-a333-25ab66634fd7",
    "data": [
      {
        "text": "Telefóno Punto Digital",
        "meta": "@Area",
        "alias": "area",
        "userDefined": false
      }
    ],
    "isTemplate": false,
    "count": 0,
    "lang": "es",
    "updated": 0
  },
  {
    "id": "bab11640-1bfa-4b7c-830f-b96519007135",
    "data": [
      {
        "text": "Contacto Punto Digital",
        "meta": "@Area",
        "alias": "area",
        "userDefined": false
      }
    ],
    "isTemplate": false,
    "count": 1,
    "lang": "es",
    "updated": 0
  },
  {
    "id": "fb0d564f-2948-4d32-be97-452746588d26",
    "data": [
      {
        "text": "contacto de economía social",
        "meta": "@Area",
        "alias": "area",
        "userDefined": false
      }
    ],
    "isTemplate": false,
    "count": 0,
    "lang": "es",
    "updated": 0
  },
  {
    "id": "f568abc5-7051-4741-9787-633ef1a2fd0f",
    "data": [
      {
        "text": "cómo me comunico con economía social",
        "meta": "@Area",
        "alias": "area",
        "userDefined": false
      }
    ],
    "isTemplate": false,
    "count": 0,
    "lang": "es",
    "updated": 0
  },
  {
    "id": "faf2f8e6-59e0-463d-8be9-46f322e5ffe1",
    "data": [
      {
        "text": "teléfono de economía social",
        "meta": "@Area",
        "alias": "area",
        "userDefined": false
      }
    ],
    "isTemplate": false,
    "count": 0,
    "lang": "es",
    "updated": 0
  },
  {
    "id": "93288c81-a70c-4687-918c-5bffd92b3e1a",
    "data": [
      {
        "text": "correo de economía social",
        "meta": "@Area",
        "alias": "area",
        "userDefined": false
      }
    ],
    "isTemplate": false,
    "count": 0,
    "lang": "es",
    "updated": 0
  },
  {
    "id": "754bdcff-6063-4fbb-85b2-42f411d2dd12",
    "data": [
      {
        "text": "email de economía social",
        "meta": "@Area",
        "alias": "area",
        "userDefined": false
      }
    ],
    "isTemplate": false,
    "count": 0,
    "lang": "es",
    "updated": 0
  },
  {
    "id": "a6dddfde-f55d-41f8-a97d-8a65a5041d98",
    "data": [
      {
        "text": "tenés mail de economía social",
        "meta": "@Area",
        "alias": "area",
        "userDefined": false
      }
    ],
    "isTemplate": false,
    "count": 0,
    "lang": "es",
    "updated": 0
  },
  {
    "id": "a167d9f4-645a-4bbf-9fed-b6b813dbf2da",
    "data": [
      {
        "text": "quiero contacto de economía social",
        "meta": "@Area",
        "alias": "area",
        "userDefined": false
      }
    ],
    "isTemplate": false,
    "count": 0,
    "lang": "es",
    "updated": 0
  },
  {
    "id": "3d2d5876-4b26-4e76-977d-1bf9dc139668",
    "data": [
      {
        "text": "me pasás el contacto de economía social",
        "meta": "@Area",
        "alias": "area",
        "userDefined": false
      }
    ],
    "isTemplate": false,
    "count": 0,
    "lang": "es",
    "updated": 0
  },
  {
    "id": "14084ebf-8bdc-4aa3-bc77-4465ceea3152",
    "data": [
      {
        "text": "a dónde escribo en economía social",
        "meta": "@Area",
        "alias": "area",
        "userDefined": false
      }
    ],
    "isTemplate": false,
    "count": 0,
    "lang": "es",
    "updated": 0
  },
  {
    "id": "5ae985b4-21fe-4ee3-87a8-2757ff06ad06",
    "data": [
      {
        "text": "Dónde están",
        "userDefined": false
      }
    ],
    "isTemplate": false,
    "count": 0,
    "lang": "es",
    "updated": 0
  },
  {
    "data": [
      {
        "text": "No me a llegado ningún email",
        "userDefined": false
      }
    ],
    "isTemplate": false,
    "count": 0,
    "lang": "es",
    "updated": 0
  },
  {
    "data": [
      {
        "text": "Yo estaba inscripta",
        "userDefined": false
      }
    ],
    "isTemplate": false,
    "count": 0,
    "lang": "es",
    "updated": 0
  },
  {
    "data": [
      {
        "text": "Hola Buen dia! Quería consultarle Porq a ",
        "userDefined": false
      },
      {
        "text": "mi",
        "meta": "@sys.unit-length-name",
        "alias": "unit-length-name",
        "userDefined": false
      },
      {
        "text": " hijo lo mandaron a ",
        "userDefined": false
      },
      {
        "text": "esa escuela",
        "meta": "@sys.location",
        "alias": "location",
        "userDefined": false
      },
      {
        "text": " por el tema del progresar. Ya que no puede ingresar ala aplicación ",
        "userDefined": false
      },
      {
        "text": "mi",
        "meta": "@sys.unit-length-name",
        "alias": "unit-length-name1",
        "userDefined": false
      },
      {
        "text": " ",
        "userDefined": false
      },
      {
        "text": "Argentina",
        "meta": "@sys.location",
        "alias": "location1",
        "userDefined": false
      },
      {
        "text": " para inscribirse. Le dijeron que allí lo podrían ayudar",
        "userDefined": false
      }
    ],
    "isTemplate": false,
    "count": 0,
    "lang": "es",
    "updated": 0
  },
  {
    "data": [
      {
        "text": "No se como entrar al ",
        "userDefined": false
      },
      {
        "text": "link",
        "meta": "@sys.person",
        "alias": "person",
        "userDefined": false
      },
      {
        "text": " q me mandan",
        "userDefined": false
      }
    ],
    "isTemplate": false,
    "count": 0,
    "lang": "es",
    "updated": 0
  },
  {
    "data": [
      {
        "text": "Pero no recibo respuesta sobre ",
        "userDefined": false
      },
      {
        "text": "el asesoramiento",
        "meta": "@sys.location",
        "alias": "location",
        "userDefined": false
      }
    ],
    "isTemplate": false,
    "count": 0,
    "lang": "es",
    "updated": 0
  }
]