[
  {
    "id": "6b3abdfd-4a64-41c3-b07e-08093e6f54cd",
    "data": [
      {
        "text": "Si",
        "userDefined": false
      }
    ],
    "isTemplate": false,
    "count": 0,
    "lang": "es",
    "updated": 0
  },
  {
    "id": "7e69031c-56e6-4a9c-91c5-77428851ca3f",
    "data": [
      {
        "text": "Trámites",
        "userDefined": false
      }
    ],
    "isTemplate": false,
    "count": 0,
    "lang": "es",
    "updated": 0
  },
  {
    "id": "eff0881e-c60d-4428-b72f-6aaeb749aa3e",
    "data": [
      {
        "text": "Mi lugar en el mundo ...",
        "userDefined": false
      }
    ],
    "isTemplate": false,
    "count": 0,
    "lang": "es",
    "updated": 0
  },
  {
    "id": "abf833a0-0d4a-4196-a193-4466290b8d58",
    "data": [
      {
        "text": "Quiero esa camiseta 🥰🥰🥰🥰",
        "userDefined": false
      }
    ],
    "isTemplate": false,
    "count": 0,
    "lang": "es",
    "updated": 0
  },
  {
    "id": "11a3abae-84a5-446c-8dec-64631062b9c0",
    "data": [
      {
        "text": "Consultame por tus entradas",
        "userDefined": false
      }
    ],
    "isTemplate": false,
    "count": 0,
    "lang": "es",
    "updated": 0
  },
  {
    "data": [
      {
        "text": "te puedo hacer otra pregunta",
        "userDefined": false
      }
    ],
    "isTemplate": false,
    "count": 0,
    "lang": "es",
    "updated": 0
  }
]