[
  {
    "id": "d76e31ab-8262-4a44-b7f4-2f215c462273",
    "data": [
      {
        "text": "dónde",
        "userDefined": false
      }
    ],
    "isTemplate": false,
    "count": 0,
    "lang": "es",
    "updated": 0
  },
  {
    "id": "28a55b02-454b-4b1a-b53f-55c314eb4592",
    "data": [
      {
        "text": "dónde se hace",
        "userDefined": false
      }
    ],
    "isTemplate": false,
    "count": 0,
    "lang": "es",
    "updated": 0
  },
  {
    "id": "a520dd9c-bcf3-410c-8bf4-d1698f92e876",
    "data": [
      {
        "text": "dónde se cursa",
        "userDefined": false
      }
    ],
    "isTemplate": false,
    "count": 0,
    "lang": "es",
    "updated": 0
  },
  {
    "id": "f12b054b-ad9e-414a-bff9-fd86316bff12",
    "data": [
      {
        "text": "dónde me inscribo",
        "userDefined": false
      }
    ],
    "isTemplate": false,
    "count": 0,
    "lang": "es",
    "updated": 0
  },
  {
    "id": "457e8873-c030-4bad-a595-fe5a8e42f6b2",
    "data": [
      {
        "text": "dónde me acerco",
        "userDefined": false
      }
    ],
    "isTemplate": false,
    "count": 0,
    "lang": "es",
    "updated": 0
  },
  {
    "id": "6fed99be-a783-43d6-a58b-af9b4d85b34d",
    "data": [
      {
        "text": "en qué lugar es",
        "userDefined": false
      }
    ],
    "isTemplate": false,
    "count": 0,
    "lang": "es",
    "updated": 0
  },
  {
    "id": "2cda6a91-4163-4dab-b02d-efab59e62af3",
    "data": [
      {
        "text": "cuál es la dirección",
        "userDefined": false
      }
    ],
    "isTemplate": false,
    "count": 0,
    "lang": "es",
    "updated": 0
  },
  {
    "id": "2fd598c2-6da6-4e72-9798-06c629fa534e",
    "data": [
      {
        "text": "tienen oficina",
        "userDefined": false
      }
    ],
    "isTemplate": false,
    "count": 0,
    "lang": "es",
    "updated": 0
  },
  {
    "id": "1aac7935-bcce-4819-9748-c55f05eac72f",
    "data": [
      {
        "text": "cómo llegar",
        "userDefined": false
      }
    ],
    "isTemplate": false,
    "count": 0,
    "lang": "es",
    "updated": 0
  },
  {
    "id": "1b03e8e5-3f05-4a08-acd3-cee1a33a0c5a",
    "data": [
      {
        "text": "dirección física",
        "userDefined": false
      }
    ],
    "isTemplate": false,
    "count": 0,
    "lang": "es",
    "updated": 0
  },
  {
    "id": "fb68691a-8085-4371-bdab-99911698f67c",
    "data": [
      {
        "text": "dónde se realiza",
        "userDefined": false
      }
    ],
    "isTemplate": false,
    "count": 0,
    "lang": "es",
    "updated": 0
  }
]